photo,annotated_material,annotated_defect,material,confidence,image_score,flagged,viewpoint,scale,illumination,human_terms,top5
grid_chair.jpeg,grid,good,wood,0.6020631194114685,52.460105895996094,0.5400390625,frontal,medium,diffuse,grid;woven;braided,grid:0.24;blotchy:0.23;pitted:0.17;marbled:0.15;porous:0.14
grid_round_close.jpeg,grid,good,grid,0.9734910130500793,1.5154989957809448,0.0,frontal,close,diffuse,grid;porous;pitted,grid:0.35;braided:0.22;pitted:0.11;porous:0.10;cracked:0.08
grid_round_far.jpeg,grid,good,wood,0.7761756181716919,16.266693115234375,0.17529296875,oblique,far,diffuse,grid;porous;pitted,stained:0.55;marbled:0.25;porous:0.18;braided:0.14;blotchy:0.13
grid_square.jpeg,grid,good,tile,0.9986026883125305,2.7487220764160156,0.0,frontal,medium,diffuse,grid;woven;bumpy,blotchy:0.14;pitted:0.12;braided:0.11;grid:0.09;woven:0.08
tile_black.jpeg,tile,good,carpet,0.7512499094009399,3.8535778522491455,0.0888671875,frontal,medium,direct,marbled;blotchy;stained,blotchy:0.16;woven:0.15;grid:0.13;marbled:0.10;pitted:0.09
tile_colour.jpeg,tile,colour,wood,0.9754080772399902,8.451506614685059,0.263427734375,frontal,close,diffuse,marbled;banded;striped,stained:0.57;marbled:0.45;blotchy:0.18;porous:0.13;braided:0.08
tile_granite.jpeg,tile,good,carpet,0.4558773934841156,4.463298797607422,0.162841796875,frontal,close,diffuse,marbled;blotchy;stained,grid:0.20;cracked:0.16;blotchy:0.13;woven:0.10;fibrous:0.10
tile_granite_tilted.jpeg,tile,good,tile,0.3404187262058258,1.7247120141983032,0.0,oblique,close,diffuse,marbled;blotchy;stained,grid:0.44;blotchy:0.26;cracked:0.20;marbled:0.16;fibrous:0.16
tile_grid.jpeg,tile,good,wood,0.9649584889411926,15.034989356994629,0.24951171875,frontal,far,diffuse,marbled;grid;blotchy,blotchy:0.25;marbled:0.23;stained:0.14;porous:0.09;fibrous:0.09
tile_liquid.jpeg,tile,liquid,wood,0.9060834050178528,15.901917457580566,0.330322265625,frontal,close,diffuse,marbled;porous;stained;pitted,marbled:0.27;blotchy:0.26;stained:0.24;porous:0.17;banded:0.08
tile_no_colour.jpeg,tile,good,wood,0.966917872428894,10.465587615966797,0.341796875,frontal,close,diffuse,marbled;banded;striped,stained:0.58;marbled:0.37;blotchy:0.19;porous:0.11;banded:0.09
tile_noliquid.jpeg,tile,good,carpet,0.4994962513446808,3.5765340328216553,0.01416015625,frontal,close,diffuse,marbled;pitted;porous:stained,blotchy:0.25;marbled:0.24;grid:0.18;pitted:0.13;porous:0.13
tile_white_defect.jpeg,tile,hole,tile,0.5499467849731445,3.0643978118896484,0.0,frontal,close,diffuse,blotchy;marbled;pitted;cracked,stained:0.21;blotchy:0.20;marbled:0.18;banded:0.16;porous:0.12
tile_white_hole.jpeg,tile,hole,wood,0.7806863784790039,40.870113372802734,0.276611328125,frontal,close,direct,blotchy;marbled;cracked,stained:0.26;banded:0.20;blotchy:0.17;marbled:0.10;braided:0.09
wood.jpeg,wood,good,wood,0.9975252747535706,3.5652499198913574,0.01123046875,frontal,close,diffuse,banded;striped;marbled,banded:0.54;blotchy:0.26;marbled:0.26;stained:0.22;porous:0.11
wood_bad_light.jpeg,wood,good,tile,0.6799868941307068,3.191051483154297,0.0,frontal,close,side-lit,banded;striped;marbled,banded:0.87;stained:0.74;blotchy:0.36;braided:0.21;fibrous:0.14
wood_pale.jpeg,wood,good,wood,0.9854863882064819,4.0601091384887695,0.05224609375,frontal,close,diffuse,banded;striped;marbled,stained:0.28;marbled:0.21;blotchy:0.18;porous:0.16;braided:0.08
